[
    {
        "pk": 2, 
        "model": "text.text", 
        "fields": {
            "body": "<p><span style=\"background-color: rgb(255, 255, 255); color: rgb(64, 83, 108); font-family: 'Helvetica Neue', Helvetica, Arial, sans-serif; font-size: 14px; line-height: 20px;\">The Allometric equation's database center provides access to the tree allometric equations by ecological zones, countries or continents.</span></p><ul style=\"margin-bottom: 10px; margin-left: 25px; color: rgb(64, 83, 108); font-family: 'Helvetica Neue', Helvetica, Arial, sans-serif; font-size: 14px; line-height: 20px; background-color: rgb(255, 255, 255);\"><li>Allometric equations can be used to assess volume, biomass and carbon of trees in various types of forests (native, secondary, bamboo, mangroves, plantations etc.).</li><li>The data are collected from the scientific literature, reports from logging companies, conference proceedings, and national reports. The data are harmonized to facilitate their use (access to the methodology).</li><li>The harmonization procedure takes into account the tree components (stem, root, branch, leaf, etc..), geographical location (ecological zone, country, continent), the statistics information (correlation coefficient , sample size, confidence intervals etc.) and the reference.</li><li>The data are those originally reported by the authors. Errors can appear in certain equations. We try to detect errors and suggest corrections. The users can find a list of suggested equations in case errors are detected (access to modified database).</li></ul>"
        }
    }, 
    {
        "pk": 3, 
        "model": "text.text", 
        "fields": {
            "body": "<p style=\"margin-bottom: 10px; color: rgb(64, 83, 108); font-family: 'Helvetica Neue', Helvetica, Arial, sans-serif; font-size: 14px; line-height: 20px; background-color: rgb(255, 255, 255);\">GlobAllomeTree is the international platform for tree allometric equations. GlobAllomeTree was created in 2013 in response to the increasing demand in assessment of the forest resources and builds on the convening role and technical expertise of the Food and Agriculture Organization of the United Nations (FAO), the Centre de coop\u00e9ration internationale en recherche agronomique pour le d\u00e9veloppement (CIRAD), the Universit\u00e0 degli Studi della Tuscia (UNITUS). GlobAllomeTree currently provides allometric equations for 57 countries in the world, from boreal forest to tropical rainforests. The products provided by GlobAllomeTree are continuously updated and approved by experts.</p><p style=\"margin-bottom: 10px; color: rgb(64, 83, 108); font-family: 'Helvetica Neue', Helvetica, Arial, sans-serif; font-size: 14px; line-height: 20px; background-color: rgb(255, 255, 255);\">Users are welcome to provide comments and suggestions to improve the database and the software and facilitate their use.</p><p style=\"margin-bottom: 10px; color: rgb(64, 83, 108); font-family: 'Helvetica Neue', Helvetica, Arial, sans-serif; font-size: 14px; line-height: 20px; background-color: rgb(255, 255, 255);\">Users can contact the GlobAllomeTree Administrator at:\u00a0<a href=\"mailto:globallometree@fao.org\" style=\"color: rgb(20, 122, 0); text-decoration: initial;\">globallometree@fao.org</a></p>"
        }
    }, 
    {
        "pk": 9, 
        "model": "text.text", 
        "fields": {
            "body": "<p>Fantallometrik software is the first tool for assessing volume, biomass and carbon taking into account the existing tree allometric equations at continental and global level. It is a robust tool that provides tools for quality control, and compares the existing models. It aims to facilitate and improve the volume, biomass and carbon stock assessment carried out by scientific research, forest companies, NGOs and forestry institutions. It consists of different modules that serve different purposes and are complementary.</p>\n<h4>1 Compare tree allometric equations</h4>\n<p>This module allows the comparison of existing tree allometric equations for a given geographical location (a site, an ecological zone, a country, a continent). The user can select the ecological classification from five different sources (FAO, Udvardy, WWF, Holdridge, and Bailey). The results obtained from the analysis can be downloaded by the users.</p>\n<h4>2 Assess volume, biomass and carbon stocks</h4>\n<p>This module allows the calculation of volume, biomass and carbon stocks, the calculation of descriptive statistics (error, confidence interval, median etc.) and comparison of data obtained according to the default values \u200b\u200bfrom the scientific literature. Moreover, it is a robust tool to assess the variable of interest and control teh results obtained.</p>\n<h4>3 Insert new equations</h4>\n<p>This module allows the entry of new tree allometric equations and enrich the database. New allometric equations will be inserted into the database of the user and can be submitted to GlobAllomeTree for insertion in the online database.</p>\n<p>The databases provided under this website can be imported in Fantallometrik Software as TXT files.</p>\n<div class=\"alert alert-block\">\n<button class=\"close\" type=\"button\">\u00d7</button>\n FANTALLOMETRIK\u00a0 Software (c) is a free software and works only under windows operating systems. It is required to accept a license agreement before downloading. Please read carefully the instructions in the tutorial before using the software. \n</div>"
        }
    }, 
    {
        "pk": 12, 
        "model": "text.text", 
        "fields": {
            "body": "GlobAllomeTree is the international platform for tree allometric equations to support volume, biomass and carbon stock assessment for trees and forests. The platform allows accessing:"
        }
    }, 
    {
        "pk": 6, 
        "model": "linkbox.linkbox", 
        "fields": {
            "description": "Updated databases containing tree allometric equations, and conversion factors per ecological zones, countries and continents", 
            "title": "Equations", 
            "url": "/data/search/", 
            "image": "", 
            "link_text": "view data", 
            "page_link": null
        }
    }, 
    {
        "pk": 7, 
        "model": "linkbox.linkbox", 
        "fields": {
            "description": "Submit a csv file of your allometric tree data to share with the GlobAllomeTree community.", 
            "title": "Submit your data", 
            "url": "/data/submit-data", 
            "image": "", 
            "link_text": "submit data", 
            "page_link": null
        }
    }, 
    {
        "pk": 8, 
        "model": "linkbox.linkbox", 
        "fields": {
            "description": "Search using the map", 
            "title": "Map", 
            "url": "/geo_map", 
            "image": "", 
            "link_text": "search", 
            "page_link": null
        }
    }, 
    {
        "pk": 10, 
        "model": "linkbox.linkbox", 
        "fields": {
            "description": "", 
            "title": "Software", 
            "url": "#", 
            "image": "", 
            "link_text": "download the software", 
            "page_link": null
        }
    }, 
    {
        "pk": 11, 
        "model": "linkbox.linkbox", 
        "fields": {
            "description": "", 
            "title": "Tutorial", 
            "url": "#", 
            "image": "", 
            "link_text": "download the tutorial", 
            "page_link": null
        }
    }, 
    {
        "pk": 13, 
        "model": "linkbox.linkbox", 
        "fields": {
            "description": "Updated databases containing tree allometric equations, and conversion factors per ecological zones, countries and continents", 
            "title": "Allometric Equation Database", 
            "url": "", 
            "image": "", 
            "link_text": "view data", 
            "page_link": 2
        }
    }, 
    {
        "pk": 14, 
        "model": "linkbox.linkbox", 
        "fields": {
            "description": "Manuals and tutorials to facilitate assessment of volume, biomass and carbon stocks", 
            "title": "Manuals and Tutorials", 
            "url": "/docs", 
            "image": "", 
            "link_text": "view manuals", 
            "page_link": null
        }
    }, 
    {
        "pk": 15, 
        "model": "linkbox.linkbox", 
        "fields": {
            "description": "Updated links to scientific literature related to tree allometric equation and forest biomass assessment", 
            "title": "Scientific Literature", 
            "url": "/journals", 
            "image": "", 
            "link_text": "find journals", 
            "page_link": null
        }
    }, 
    {
        "pk": 16, 
        "model": "linkbox.linkbox", 
        "fields": {
            "description": "Software for comparing tree allometric equations, assess volume, biomass and carbon stocks per tree components and forest types", 
            "title": "Allometric Software", 
            "url": "", 
            "image": "", 
            "link_text": "get software", 
            "page_link": null
        }
    }, 
    {
        "pk": 2, 
        "model": "cms.placeholder", 
        "fields": {
            "slot": "basic_page_content", 
            "default_width": null
        }
    }, 
    {
        "pk": 3, 
        "model": "cms.placeholder", 
        "fields": {
            "slot": "basic_page_content", 
            "default_width": null
        }
    }, 
    {
        "pk": 4, 
        "model": "cms.placeholder", 
        "fields": {
            "slot": "left_column", 
            "default_width": null
        }
    }, 
    {
        "pk": 5, 
        "model": "cms.placeholder", 
        "fields": {
            "slot": "right_column", 
            "default_width": null
        }
    }, 
    {
        "pk": 6, 
        "model": "cms.placeholder", 
        "fields": {
            "slot": "left_column", 
            "default_width": null
        }
    }, 
    {
        "pk": 7, 
        "model": "cms.placeholder", 
        "fields": {
            "slot": "right_column", 
            "default_width": null
        }
    }, 
    {
        "pk": 8, 
        "model": "cms.placeholder", 
        "fields": {
            "slot": "basic_page_content", 
            "default_width": null
        }
    }, 
    {
        "pk": 9, 
        "model": "cms.placeholder", 
        "fields": {
            "slot": "left_column", 
            "default_width": null
        }
    }, 
    {
        "pk": 10, 
        "model": "cms.placeholder", 
        "fields": {
            "slot": "right_column", 
            "default_width": null
        }
    }, 
    {
        "pk": 11, 
        "model": "cms.placeholder", 
        "fields": {
            "slot": "basic_page_content", 
            "default_width": null
        }
    }, 
    {
        "pk": 12, 
        "model": "cms.placeholder", 
        "fields": {
            "slot": "left_column", 
            "default_width": null
        }
    }, 
    {
        "pk": 13, 
        "model": "cms.placeholder", 
        "fields": {
            "slot": "right_column", 
            "default_width": null
        }
    }, 
    {
        "pk": 2, 
        "model": "cms.cmsplugin", 
        "fields": {
            "rght": 2, 
            "changed_date": "2013-03-29T17:45:39.588", 
            "parent": null, 
            "language": "en", 
            "level": 0, 
            "creation_date": "2013-03-26T15:54:31.753", 
            "lft": 1, 
            "tree_id": 2, 
            "position": 0, 
            "placeholder": 2, 
            "plugin_type": "TextPlugin"
        }
    }, 
    {
        "pk": 3, 
        "model": "cms.cmsplugin", 
        "fields": {
            "rght": 2, 
            "changed_date": "2013-03-26T15:59:13.015", 
            "parent": null, 
            "language": "en", 
            "level": 0, 
            "creation_date": "2013-03-26T15:58:58.877", 
            "lft": 1, 
            "tree_id": 3, 
            "position": 0, 
            "placeholder": 3, 
            "plugin_type": "TextPlugin"
        }
    }, 
    {
        "pk": 6, 
        "model": "cms.cmsplugin", 
        "fields": {
            "rght": 2, 
            "changed_date": "2013-03-29T17:54:01.961", 
            "parent": null, 
            "language": "en", 
            "level": 0, 
            "creation_date": "2013-03-26T17:08:49.022", 
            "lft": 1, 
            "tree_id": 4, 
            "position": 0, 
            "placeholder": 4, 
            "plugin_type": "LinkBoxPlugin"
        }
    }, 
    {
        "pk": 7, 
        "model": "cms.cmsplugin", 
        "fields": {
            "rght": 2, 
            "changed_date": "2013-03-29T17:29:59.245", 
            "parent": null, 
            "language": "en", 
            "level": 0, 
            "creation_date": "2013-03-29T17:28:43.346", 
            "lft": 1, 
            "tree_id": 5, 
            "position": 0, 
            "placeholder": 5, 
            "plugin_type": "LinkBoxPlugin"
        }
    }, 
    {
        "pk": 8, 
        "model": "cms.cmsplugin", 
        "fields": {
            "rght": 2, 
            "changed_date": "2013-03-29T17:32:12.928", 
            "parent": null, 
            "language": "en", 
            "level": 0, 
            "creation_date": "2013-03-29T17:30:25.873", 
            "lft": 1, 
            "tree_id": 6, 
            "position": 1, 
            "placeholder": 4, 
            "plugin_type": "LinkBoxPlugin"
        }
    }, 
    {
        "pk": 9, 
        "model": "cms.cmsplugin", 
        "fields": {
            "rght": 2, 
            "changed_date": "2013-03-29T19:31:52.084", 
            "parent": null, 
            "language": "en", 
            "level": 0, 
            "creation_date": "2013-03-29T19:14:02.362", 
            "lft": 1, 
            "tree_id": 7, 
            "position": 0, 
            "placeholder": 8, 
            "plugin_type": "TextPlugin"
        }
    }, 
    {
        "pk": 10, 
        "model": "cms.cmsplugin", 
        "fields": {
            "rght": 2, 
            "changed_date": "2013-03-29T19:33:58.499", 
            "parent": null, 
            "language": "en", 
            "level": 0, 
            "creation_date": "2013-03-29T19:16:48.409", 
            "lft": 1, 
            "tree_id": 8, 
            "position": 0, 
            "placeholder": 9, 
            "plugin_type": "LinkBoxPlugin"
        }
    }, 
    {
        "pk": 11, 
        "model": "cms.cmsplugin", 
        "fields": {
            "rght": 2, 
            "changed_date": "2013-03-29T19:20:05.258", 
            "parent": null, 
            "language": "en", 
            "level": 0, 
            "creation_date": "2013-03-29T19:18:58.672", 
            "lft": 1, 
            "tree_id": 9, 
            "position": 0, 
            "placeholder": 10, 
            "plugin_type": "LinkBoxPlugin"
        }
    }, 
    {
        "pk": 12, 
        "model": "cms.cmsplugin", 
        "fields": {
            "rght": 2, 
            "changed_date": "2013-03-30T14:23:31.907", 
            "parent": null, 
            "language": "en", 
            "level": 0, 
            "creation_date": "2013-03-30T14:23:04.226", 
            "lft": 1, 
            "tree_id": 10, 
            "position": 0, 
            "placeholder": 11, 
            "plugin_type": "TextPlugin"
        }
    }, 
    {
        "pk": 13, 
        "model": "cms.cmsplugin", 
        "fields": {
            "rght": 2, 
            "changed_date": "2013-03-30T14:24:42.210", 
            "parent": null, 
            "language": "en", 
            "level": 0, 
            "creation_date": "2013-03-30T14:23:44.111", 
            "lft": 1, 
            "tree_id": 11, 
            "position": 0, 
            "placeholder": 12, 
            "plugin_type": "LinkBoxPlugin"
        }
    }, 
    {
        "pk": 14, 
        "model": "cms.cmsplugin", 
        "fields": {
            "rght": 2, 
            "changed_date": "2013-03-30T14:27:33.019", 
            "parent": null, 
            "language": "en", 
            "level": 0, 
            "creation_date": "2013-03-30T14:26:26.544", 
            "lft": 1, 
            "tree_id": 12, 
            "position": 1, 
            "placeholder": 12, 
            "plugin_type": "LinkBoxPlugin"
        }
    }, 
    {
        "pk": 15, 
        "model": "cms.cmsplugin", 
        "fields": {
            "rght": 2, 
            "changed_date": "2013-03-30T14:28:41.870", 
            "parent": null, 
            "language": "en", 
            "level": 0, 
            "creation_date": "2013-03-30T14:27:45.025", 
            "lft": 1, 
            "tree_id": 13, 
            "position": 0, 
            "placeholder": 13, 
            "plugin_type": "LinkBoxPlugin"
        }
    }, 
    {
        "pk": 16, 
        "model": "cms.cmsplugin", 
        "fields": {
            "rght": 2, 
            "changed_date": "2013-03-30T14:29:36.323", 
            "parent": null, 
            "language": "en", 
            "level": 0, 
            "creation_date": "2013-03-30T14:28:46.997", 
            "lft": 1, 
            "tree_id": 14, 
            "position": 1, 
            "placeholder": 13, 
            "plugin_type": "LinkBoxPlugin"
        }
    }, 
    {
        "pk": 5, 
        "model": "cms.page", 
        "fields": {
            "rght": 2, 
            "navigation_extenders": "", 
            "site": 1, 
            "creation_date": "2013-03-30T14:22:10.148", 
            "lft": 1, 
            "in_navigation": false, 
            "reverse_id": "home", 
            "login_required": false, 
            "created_by": "globallometree", 
            "publication_end_date": null, 
            "moderator_state": 0, 
            "template": "cms/home_page.html", 
            "tree_id": 2, 
            "placeholders": [
                11, 
                12, 
                13
            ], 
            "changed_date": "2013-03-30T16:01:03.949", 
            "limit_visibility_in_menu": null, 
            "parent": null, 
            "publisher_state": 1, 
            "soft_root": false, 
            "publication_date": "2013-03-30T14:22:34.303", 
            "publisher_public": null, 
            "level": 0, 
            "changed_by": "globallometree", 
            "publisher_is_draft": true, 
            "published": true
        }
    }, 
    {
        "pk": 2, 
        "model": "cms.page", 
        "fields": {
            "rght": 2, 
            "navigation_extenders": "", 
            "site": 1, 
            "creation_date": "2013-03-26T15:54:23.162", 
            "lft": 1, 
            "in_navigation": false, 
            "reverse_id": null, 
            "login_required": false, 
            "created_by": "globallometree", 
            "publication_end_date": null, 
            "moderator_state": 0, 
            "template": "cms/basic_page.html", 
            "tree_id": 3, 
            "placeholders": [
                2, 
                4, 
                5
            ], 
            "changed_date": "2013-03-29T17:42:34.676", 
            "limit_visibility_in_menu": null, 
            "parent": null, 
            "publisher_state": 1, 
            "soft_root": false, 
            "publication_date": "2013-03-26T15:54:45.192", 
            "publisher_public": null, 
            "level": 0, 
            "changed_by": "globallometree", 
            "publisher_is_draft": true, 
            "published": true
        }
    }, 
    {
        "pk": 3, 
        "model": "cms.page", 
        "fields": {
            "rght": 2, 
            "navigation_extenders": "", 
            "site": 1, 
            "creation_date": "2013-03-26T15:58:47.023", 
            "lft": 1, 
            "in_navigation": false, 
            "reverse_id": "about", 
            "login_required": false, 
            "created_by": "globallometree", 
            "publication_end_date": null, 
            "moderator_state": 0, 
            "template": "cms/basic_page.html", 
            "tree_id": 4, 
            "placeholders": [
                3, 
                6, 
                7
            ], 
            "changed_date": "2013-03-30T16:04:38.862", 
            "limit_visibility_in_menu": null, 
            "parent": null, 
            "publisher_state": 1, 
            "soft_root": false, 
            "publication_date": "2013-03-26T16:00:11.370", 
            "publisher_public": null, 
            "level": 0, 
            "changed_by": "globallometree", 
            "publisher_is_draft": true, 
            "published": true
        }
    }, 
    {
        "pk": 4, 
        "model": "cms.page", 
        "fields": {
            "rght": 2, 
            "navigation_extenders": "", 
            "site": 1, 
            "creation_date": "2013-03-29T19:13:38.548", 
            "lft": 1, 
            "in_navigation": false, 
            "reverse_id": null, 
            "login_required": false, 
            "created_by": "globallometree", 
            "publication_end_date": null, 
            "moderator_state": 0, 
            "template": "cms/basic_page.html", 
            "tree_id": 5, 
            "placeholders": [
                8, 
                9, 
                10
            ], 
            "changed_date": "2013-03-29T19:33:22.249", 
            "limit_visibility_in_menu": null, 
            "parent": null, 
            "publisher_state": 1, 
            "soft_root": false, 
            "publication_date": "2013-03-29T19:21:11.152", 
            "publisher_public": null, 
            "level": 0, 
            "changed_by": "globallometree", 
            "publisher_is_draft": true, 
            "published": true
        }
    }, 
    {
        "pk": 2, 
        "model": "cms.title", 
        "fields": {
            "menu_title": "", 
            "redirect": "", 
            "meta_keywords": "", 
            "page_title": "", 
            "language": "en", 
            "title": "Tree Allometric equation's database center", 
            "has_url_overwrite": false, 
            "application_urls": "", 
            "creation_date": "2013-03-26T15:54:23.187", 
            "page": 2, 
            "path": "database", 
            "meta_description": "", 
            "slug": "database"
        }
    }, 
    {
        "pk": 4, 
        "model": "cms.title", 
        "fields": {
            "menu_title": "", 
            "redirect": "", 
            "meta_keywords": "", 
            "page_title": "", 
            "language": "en", 
            "title": "Fantallometrik software", 
            "has_url_overwrite": false, 
            "application_urls": "", 
            "creation_date": "2013-03-29T19:13:38.722", 
            "page": 4, 
            "path": "software", 
            "meta_description": "", 
            "slug": "software"
        }
    }, 
    {
        "pk": 5, 
        "model": "cms.title", 
        "fields": {
            "menu_title": "", 
            "redirect": "", 
            "meta_keywords": "", 
            "page_title": "", 
            "language": "en", 
            "title": "Home", 
            "has_url_overwrite": false, 
            "application_urls": "", 
            "creation_date": "2013-03-30T14:22:10.558", 
            "page": 5, 
            "path": "", 
            "meta_description": "", 
            "slug": "home"
        }
    }, 
    {
        "pk": 3, 
        "model": "cms.title", 
        "fields": {
            "menu_title": "", 
            "redirect": "", 
            "meta_keywords": "", 
            "page_title": "", 
            "language": "en", 
            "title": "About GlobAllomeTree", 
            "has_url_overwrite": false, 
            "application_urls": "", 
            "creation_date": "2013-03-26T15:58:47.049", 
            "page": 3, 
            "path": "about", 
            "meta_description": "", 
            "slug": "about"
        }
    }
]